States,Avg	         
A&N islands,86.27
Andhra Pradesh,67.66
Arunachal Pradesh,66.95
Assam,73.18
Bihar,63.82
Chhattisgarh,71.04
Chandigarh,86.43
Dadra and Nagar Haveli,77.65
Daman & Diu,87.07
Delhi,86.34
Goa,87.40
Gujarat,79.31
Haryana,76.64
Himachal Pradesh,83.78
Jammu and Kashmir,68.74
Jharkhand,67.63
Karnataka,75.60
Kerala,93.91
Lakshadweep,92.28
Madhya Pradesh,70.63
Maharashtra,82.91
Manipur,79.85
Meghalya,75.48
Mizoram,91.58
Nagaland,80.11
Odisha,73.45
Puducherry,86.55
Punjab,76.68
Rajasthan,67.06
Sikkim,82.20
Tamil Nadu,80.33
Tripura,87.75
Uttarakhand,79.63
Uttar Pradesh,69.72
West Bengal,77.08