YearValue,Region,State,Population_Millions
2013,ER,WEST BENGAL,90.8
2013,ER,JHARKHAND,32.16
2013,ER,BIHAR,99.79
2013,WR,MADHYA PRADESH,74.02
2013,WR,CHHATTISGARH,24.78
2013,NR,UTTAR PRADESH,206.31
2013,WR,MAHARASHTRA,115.06
2013,ER,ODISHA,41.31
2013,SR,ANDHRA PRADESH,85.94
2013,ER,SIKKIM,0.62
2013,NER,ASSAM,31.17
2013,NER,ARUNACHAL PRADESH,1.26
2013,NER,MEGHALAYA,2.67
2013,NER,NAGALAND,2.29
2013,WR,GUJARAT,60.26
2013,NR,JAMMU & KASHMIR,11.95
2013,SR,KERALA,34.94
2013,SR,PUDUCHERRY,1.49
2013,NR,RAJASTHAN,69.52
2013,SR,TAMILNADU,68.11
2013,NR,DELHI,19.3
2013,NR,HARYANA,26.1
2013,NR,HIMACHAL PRADESH,6.89
2013,SR,KARNATAKA,60.38
2013,NR,PUNJAB,28.16
2013,NR,UTTARAKHAND,10.17
2013,WR,GOA,1.85
2013,NER,MANIPUR,2.49
2013,NER,MIZORAM,1.02
2013,NER,TRIPURA,3.66
2013,ER,A & N ISLANDS,0.52
2013,WR,DIU & DAMAN,0.29
2013,SR,LAKSHADWEEP,0.06
2013,NR,CHANDIGARH,1.55
2013,WR,DADRA & NAGAR HAVELI,0.38
2013,NR,LADAKH,0
